{
  "project_info": {
    "project_number": "949928341863",
    "project_id": "solo-app-156308"
  },
  "client": [
    {
      "client_info": {
        "mobilesdk_app_id": "1:949928341863:android:4cf182b35335d5a5",
        "android_client_info": {
          "package_name": "com.example.solomon.soloapp"
        }
      },
      "oauth_client": [
        {
          "client_id": "949928341863-nn0e0l5i62ap577dj51ghc411tp9bi7l.apps.googleusercontent.com",
          "client_type": 1,
          "android_info": {
            "package_name": "com.example.solomon.soloapp",
            "certificate_hash": "A1FA5F2ED23A8A8FFF3917C664B0DD680585A7C6"
          }
        },
        {
          "client_id": "949928341863-5ci2shumuehpq7ddd5edougbevcalmf7.apps.googleusercontent.com",
          "client_type": 3
        }
      ],
      "api_key": [
        {
          "current_key": "AIzaSyB_FxpPAktdAij_k-ooNGTZ9dGuI307wZs"
        }
      ],
      "services": {
        "analytics_service": {
          "status": 1
        },
        "appinvite_service": {
          "status": 1,
          "other_platform_oauth_client": []
        },
        "ads_service": {
          "status": 1
        }
      }
    },
    {
      "client_info": {
        "mobilesdk_app_id": "1:949928341863:android:ea306cb37ec26553",
        "android_client_info": {
          "package_name": "com.solo.solomon.soloapp"
        }
      },
      "oauth_client": [
        {
          "client_id": "949928341863-3g4rlci3ujl6md3899nph9dkfdbvfhlr.apps.googleusercontent.com",
          "client_type": 1,
          "android_info": {
            "package_name": "com.solo.solomon.soloapp",
            "certificate_hash": "A1FA5F2ED23A8A8FFF3917C664B0DD680585A7C6"
          }
        },
        {
          "client_id": "949928341863-5ci2shumuehpq7ddd5edougbevcalmf7.apps.googleusercontent.com",
          "client_type": 3
        }
      ],
      "api_key": [
        {
          "current_key": "AIzaSyB_FxpPAktdAij_k-ooNGTZ9dGuI307wZs"
        }
      ],
      "services": {
        "analytics_service": {
          "status": 1
        },
        "appinvite_service": {
          "status": 1,
          "other_platform_oauth_client": []
        },
        "ads_service": {
          "status": 1
        }
      }
    }
  ],
  "configuration_version": "1"
}